name,email,code,public?
bubu,msm@msg.com,eng1,
bubu,msm@msg.com,eng2,
bubu,msm@msg.com,eng3,
bubu,msmmsg.com,eng4,
bubu,msmsg.com,eng5,
bubu,msmsg@.com,eng6,
bubu,msmsg@.com,eng7,
bubu,msmsg@.com,eng8,
bubu,msmsg@.com,eng9,
bubu,msmsg@.com,eng10,
bubu,msmsg@.com,eng11,
bubu,msmsg@.com,eng12,
bubu,msmmsg.com,eng13,
bubu,msmmsg.com,eng14,
bubu,msmmsg.com,eng15,
bubu,msmms,eng16,
momo,mumu@yahoo.com,eng17,
mumu,nubu@yui,eng18,
meme,eme@rtasr.com,eng19,
mumu,nubu@yui,eng20,
,,eng21,
mumu,bubu@mail.com,eng22,
m,a@b,eng23,
m,a@b,eng24,
m,a@b,eng25,
m,a@b,eng26,
m,a@b,eng27,
m,a@b,eng28,
mumu,bubu@mail.com,eng29,
mumu,bubu@mail.com,eng30,
,,eng31,
asdas,asdasd@asd,eng32,
,,eng33,
asd,asd@asd,eng34,
,,eng35,
asd,asd@asd,eng36,
,,eng37,
asd,ase@asd,eng38,
asd,ase@asd,eng39,
,,eng40,
asd,asd@asd,eng41,
asd,asd@asd,eng42,
,,eng43,
marci,m@b.com,eng44,
asdasd,asd@f,eng45,
,,eng46,
asd,asd@asd,eng47,
,,eng48,
asd,asd@asd,eng49,
,,eng50,
asdasd,asd@asd,eng51,
asd,as@as,eng52,
123,asd@s,eng53,
as,sd@ds,eng54,
,,eng55,
asd,er@d,eng56,
as,ds@r,eng57,
asd,as@as,eng58,
asd,as@as,eng59,
s,d@d,eng60,
asd,sd@asd,eng61,
,,eng62,
s,as@s,eng63,
asd,asd@as,eng64,
,,eng65,
masd,ms@ms,eng66,
asdasd,m@m.com,eng67,
Test1,bhjbm@hjg.c,eng68,
Ceci est un test,merci@dac.ccord,eng69,
,,eng70,
kjn,hjv@jnbsd.com,eng71,
Oct24,bhjbm@hjg.c,eng1,
Test1,bhjbm@hjg.c,eng1,yes
Test1,bhjbm@hjg.c,eng1,
Test1,bhjbm@hjg.c,eng1,yes
hjv,bhjbm@hjg.c,eng1,
Oct31,thisisafake@ddr.ess,eng1,yes
"Test1","thisisafake@ddr.ess","eng2",""
"Public","bhjbm@hjg.c","eng3","on"
"NotPublic","bhjbm@hjg.c","eng4",""
"CSS","whys@hapn.ing","eng5",""
"PostRestart","bhjbm@hjg.c","eng6",""
"Saving?","bhjbm@hjg.c","eng7",""
"Test1","bhjbm@hjg.c","eng8",""
"Test1","whys@hapn.ing","eng9",""
"Ceci est un test","thisisafake@ddr.ess","eng10",""
"Ceci est un test","whys@hapn.ing","eng11",""
"Test1","hjv@jnbsd.com","eng12",""
"THis is","Thepart@which.istart","eng13",""
"addedm","moveuploaded@recorder.js","eng14",""
"Ceci est un test","Thepart@which.istart","eng15",""
"Test1","whys@hapn.ing","eng16",""
"Oct23","thisisafake@ddr.ess","eng17",""
"Imjust","typin@anynon.sns","eng18",""
"hjv","bhjbm@hjg.c","eng19","on"
"hjv","Thepart@which.istart","eng20",""
"Oct22","Thepart@which.istart","eng21",""
"Test1","hjv@jnbsd.com","eng22",""
"Test1","merci@dac.ccord","eng23",""
"Test1","Thepart@which.istart","eng24",""
"Ceci est un test","bhjbm@hjg.c","eng25",""
"nocheck","bhjbm@hjg.c","eng26",""
"Test1","bhjbm@hjg.c","eng27",""
"Zim","whys@hapn.ing","eng28",""
"fr","thisisafake@ddr.ess","eng29",""
"fr","merci@dac.ccord","30",""
"Oct22","Thepart@which.istart","31",""
"nocheck","thisisafake@ddr.ess","32",""
"","","33",""
"","","34",""
"hjv","Thepart@which.istart","35",""
"Oct23","hjv@jnbsd.com","36",""
"askfnd","merci@dac.ccord","fr37","on"
"nocheck","whys@hapn.ing","zim38",""
"Oct22","thisisafake@ddr.ess","zim39",""
"Oct23","hjv@jnbsd.com","eng40",""
"Test1","Thepart@which.istart","fra41",""
"Oct22","merci@dac.ccord","eng42",""
"nocheck","thisisafake@ddr.ess","fra43",""
"With Lang sensitive","whys@hapn.ing","eng1",""
"' OR 1=1","hjv@jnbsd.com","eng2",""
"Ceci est un test","merci@dac.ccord","fra3","on"
"Nov14","thisisafake@ddr.ess","fra4","on"
"hjv","whys@hapn.ing","fra5",""
